{"/Users/sasa/Desktop/all_mus/pop/11 Someone Like You.mp3": [-142.07098388671875, 116.62666320800781, -4.712462902069092, 4.100934982299805, 5.637392044067383, -3.9196903705596924, -9.744474411010742, -0.9163414239883423, -9.518479347229004, 0.6299353241920471, -14.300207138061523, -1.1461929082870483, -12.46599292755127, -1.7143940925598145, -1.9542312622070312, -3.0162391662597656, -2.030207872390747, -2.2145791053771973, -7.797766208648682, -1.12246572971344], "/Users/sasa/Desktop/all_mus/pop/Not About Angels.mp3": [-239.86151123046875, 114.82107543945312, 20.135053634643555, 11.264673233032227, -5.831714630126953, -7.303694725036621, -6.215655326843262, -10.073091506958008, -9.190300941467285, -1.079243540763855, -10.897448539733887, 0.7829009890556335, -9.26298713684082, 1.8174704313278198, -5.51931095123291, -2.129307985305786, 0.9740460515022278, -1.034388542175293, -2.706674575805664, 0.9930505156517029], "/Users/sasa/Desktop/all_mus/pop/People Help the People.mp3": [-175.6004638671875, 129.396728515625, 3.1078684329986572, 15.061088562011719, 2.730567216873169, 1.8500362634658813, -1.5328214168548584, -8.218904495239258, 0.7441707849502563, -2.4621353149414062, -9.672638893127441, 4.340970039367676, -8.305987358093262, 6.981852054595947, -0.471049427986145, 5.986446380615234, 0.5793604850769043, 1.290252447128296, -7.338334560394287, -2.389692544937134], "/Users/sasa/Desktop/all_mus/pop/01 A Head Full Of Dreams.mp3": [-36.688480377197266, 99.8494644165039, -11.872106552124023, 19.292421340942383, -6.15888786315918, 4.981494903564453, -6.442617416381836, -2.3572800159454346, -0.6437048316001892, -1.9764831066131592, 0.8124364614486694, 1.4961926937103271, -1.1424751281738281, 0.2476065754890442, -4.562878608703613, 1.947284460067749, -5.029641151428223, 0.9556483030319214, -1.5818634033203125, 0.9506791234016418], "/Users/sasa/Desktop/all_mus/pop/Skinny Love.mp3": [-234.01390075683594, 130.96405029296875, 3.970794916152954, 8.45354175567627, -3.1179442405700684, -6.20197057723999, 1.7984496355056763, -15.586206436157227, -8.902290344238281, -7.957316875457764, -16.51610565185547, -0.14323017001152039, -14.359679222106934, 1.711153507232666, -10.53264045715332, -0.995159924030304, -1.0018891096115112, -3.0265536308288574, -3.004465103149414, 1.7829254865646362], "/Users/sasa/Desktop/all_mus/pop/05 Adventure of a Lifetime.mp3": [-35.02450180053711, 102.00020599365234, -2.4945530891418457, 24.650890350341797, 0.5160316228866577, 16.779115676879883, -6.133416175842285, 9.488242149353027, -0.016306549310684204, 7.820316791534424, -0.4008099138736725, 4.595225811004639, 2.167445421218872, 4.36049222946167, 1.4459494352340698, 4.607598781585693, -1.786956787109375, 4.469363212585449, -2.0262603759765625, -1.8269970417022705], "/Users/sasa/Desktop/all_mus/pop/06 He Won't Go.mp3": [-119.0549087524414, 78.84898376464844, 13.743687629699707, 20.538818359375, 6.524616241455078, 9.753893852233887, 0.4166707992553711, 10.849061012268066, -1.3748201131820679, 9.06262493133545, -4.919840335845947, 3.434349775314331, -6.477642059326172, 1.96085524559021, -1.7636603116989136, -3.4366061687469482, -2.3800296783447266, 0.5992476940155029, -4.0771918296813965, 3.2681643962860107], "/Users/sasa/Desktop/all_mus/pop/01 Rolling In The Deep.mp3": [-59.3932991027832, 89.75050354003906, 3.4446542263031006, 21.096460342407227, 12.218628883361816, 9.647543907165527, 4.291601657867432, 8.242053031921387, -0.6227552890777588, 8.007162094116211, -7.590853691101074, 7.263526439666748, -5.354482173919678, 5.6243157386779785, 0.6993993520736694, -1.2466708421707153, -0.5427103042602539, -0.07353100180625916, -5.2574286460876465, 4.487427234649658], "/Users/sasa/Desktop/all_mus/pop/05 Set Fire To The Rain.mp3": [-36.8590087890625, 82.04646301269531, -11.500772476196289, 22.216543197631836, 9.416227340698242, 12.844815254211426, 4.578566074371338, 9.065064430236816, 2.9462876319885254, 10.701582908630371, -0.5429393649101257, 7.944967269897461, -6.792832851409912, 2.591006278991699, 0.3814895749092102, 1.240293264389038, 2.2628767490386963, 4.495959281921387, -2.3858320713043213, 6.046533107757568], "/Users/sasa/Desktop/all_mus/pop/Sia \u2013 Soon We\u2019ll Be Found.mp3": [-83.09921264648438, 101.9063491821289, -3.5867292881011963, 33.41706466674805, 2.6106667518615723, 7.805887222290039, 9.812260627746582, -3.6656548976898193, 2.7625579833984375, 4.160804748535156, -5.316277027130127, 1.2996625900268555, -2.9130935668945312, 2.274639844894409, -7.419468402862549, 1.1481401920318604, -2.6228628158569336, 1.5020452737808228, -1.5041812658309937, 2.3723695278167725], "/Users/sasa/Desktop/all_mus/pop/02 Birds.mp3": [-42.057621002197266, 116.81510162353516, -7.445318698883057, 34.93154525756836, 12.901070594787598, 13.060770988464355, 4.422480583190918, 10.415575981140137, 5.36110782623291, 8.966303825378418, 1.031567096710205, 7.404462814331055, 3.73796010017395, 11.010671615600586, 4.000141620635986, 7.823737621307373, -2.5225017070770264, 2.1268889904022217, 0.8691083788871765, 3.2222049236297607], "/Users/sasa/Desktop/all_mus/pop/03 Turning Tables.mp3": [-112.5404052734375, 122.1558609008789, -22.532743453979492, 22.10222625732422, 1.978968858718872, -0.6774449348449707, -3.332205295562744, -0.737819254398346, -12.323033332824707, -1.555458426475525, -12.538307189941406, -2.9814882278442383, -9.583924293518066, -4.480635643005371, -4.353738307952881, -6.000252723693848, -3.4741950035095215, 0.4154343903064728, -5.670049667358398, -0.9296449422836304], "/Users/sasa/Desktop/all_mus/classical/Ludwig van Beethoven Daniel Barenboim - Piano Sonata No23 In.mp3": [-313.9924011230469, 171.7566680908203, -13.67245864868164, -0.702455461025238, -2.1959147453308105, -4.321361064910889, -10.687150001525879, -10.090916633605957, -10.06399154663086, -9.207806587219238, -10.184816360473633, -10.317225456237793, -9.490625381469727, -7.541200160980225, -3.786935567855835, -4.597958087921143, -6.065712928771973, -5.509464740753174, -7.4143829345703125, -8.236696243286133], "/Users/sasa/Desktop/all_mus/classical/Grigory Sokolov - Piano Sonata No2 In F K280  3 Presto.mp3": [-365.7553405761719, 177.88507080078125, -13.157891273498535, 8.862384796142578, 1.3244208097457886, -7.587279319763184, -5.457357883453369, -5.208133697509766, -2.219059944152832, -0.9138039350509644, -0.0190019179135561, -0.18550974130630493, 1.6489042043685913, 1.6071747541427612, 0.5265317559242249, 0.6280450224876404, 2.6393959522247314, 3.10748291015625, 1.9512672424316406, 3.526942729949951], "/Users/sasa/Desktop/all_mus/classical/Claude Debussy Philippe Cassard Franois Chaplin - Petite sui.mp3": [-396.25201416015625, 197.975341796875, 10.173257827758789, -9.858665466308594, 9.559359550476074, -3.3653979301452637, -10.424373626708984, -8.196905136108398, -8.311822891235352, -6.265566349029541, -1.6216903924942017, -2.101320743560791, -3.0071277618408203, -0.5236729979515076, -0.5854383707046509, -2.7201361656188965, -2.649811029434204, 0.24338354170322418, 3.2931149005889893, 3.7209370136260986], "/Users/sasa/Desktop/all_mus/classical/88584303.mp3": [-421.1786193847656, 143.52743530273438, 23.125751495361328, -5.013571739196777, -8.908405303955078, -8.32004451751709, -5.935461044311523, -8.196054458618164, -10.842906951904297, -10.25886344909668, -7.916836738586426, -8.827869415283203, -9.648310661315918, -7.244917392730713, -5.562796115875244, -5.124295234680176, -4.136570453643799, -2.2542529106140137, -2.4514145851135254, -3.7536768913269043], "/Users/sasa/Desktop/all_mus/rock/Opeth - Patterns in the Ivy II.mp3": [-206.216552734375, 123.08887481689453, -18.429794311523438, 30.2658748626709, 13.430952072143555, 12.009708404541016, -5.284350395202637, 1.0514676570892334, -11.471138954162598, -8.943083763122559, -11.424957275390625, -7.943755149841309, -9.161942481994629, -4.382329940795898, -12.296013832092285, -12.408844947814941, -12.90161418914795, -9.757977485656738, -8.641827583312988, -3.6436078548431396],